timestamp,air_temperature_c,relative_humidity_pct,light_intensity_lux,soil_temperature_c,growth_stage,simulation_note
2025-01-09 13:00:00,27.77,40.63,36078.0,24.13,Seedling,Synthetic scenario selected from prototype data; target context=Low Humidity Stress
2025-02-01 11:30:00,27.94,63.61,37530.0,23.33,Vegetative,Synthetic scenario selected from prototype data; target context=Low Humidity Stress
2025-02-01 12:00:00,28.01,57.31,31980.0,23.57,Vegetative,Synthetic scenario selected from prototype data; target context=Low Humidity Stress
2025-02-01 12:30:00,27.94,50.73,32461.0,23.8,Vegetative,Synthetic scenario selected from prototype data; target context=Low Humidity Stress
2025-02-25 10:30:00,27.84,68.12,34007.0,23.04,Flowering,Synthetic scenario selected from prototype data; target context=Low Humidity Stress
2025-02-25 11:00:00,28.18,58.51,37702.0,23.29,Flowering,Synthetic scenario selected from prototype data; target context=Low Humidity Stress
2025-03-11 13:00:00,27.95,72.73,31791.0,24.03,Fruiting,Synthetic scenario selected from prototype data; target context=Low Humidity Stress
2025-03-11 13:30:00,27.58,68.34,28666.0,24.15,Fruiting,Synthetic scenario selected from prototype data; target context=Low Humidity Stress
2025-03-11 14:00:00,27.07,55.47,30723.0,24.33,Fruiting,Synthetic scenario selected from prototype data; target context=Low Humidity Stress
2025-03-12 12:30:00,28.31,65.22,41835.0,23.97,Fruiting,Synthetic scenario selected from prototype data; target context=Low Humidity Stress
2025-03-12 13:00:00,28.09,57.49,42516.0,24.15,Fruiting,Synthetic scenario selected from prototype data; target context=Low Humidity Stress
2025-03-12 13:30:00,27.74,54.64,45002.0,24.3,Fruiting,Synthetic scenario selected from prototype data; target context=Low Humidity Stress
2025-03-15 11:00:00,28.03,67.22,39075.0,23.32,Fruiting,Synthetic scenario selected from prototype data; target context=Low Humidity Stress
2025-03-15 11:30:00,28.23,62.71,29126.0,23.53,Fruiting,Synthetic scenario selected from prototype data; target context=Low Humidity Stress
2025-03-30 10:00:00,25.25,64.76,23900.0,22.42,Fruiting,Synthetic scenario selected from prototype data; target context=Low Humidity Stress
2025-03-30 10:30:00,25.59,62.12,23111.0,22.58,Fruiting,Synthetic scenario selected from prototype data; target context=Low Humidity Stress
2025-03-30 11:00:00,25.84,52.83,23480.0,22.83,Fruiting,Synthetic scenario selected from prototype data; target context=Low Humidity Stress
2025-04-16 12:30:00,27.98,59.05,34390.0,24.08,Harvesting,Synthetic scenario selected from prototype data; target context=Low Humidity Stress
2025-04-23 13:00:00,31.41,56.05,43445.0,25.12,Harvesting,Synthetic scenario selected from prototype data; target context=Low Humidity Stress
2025-04-25 10:30:00,27.13,62.0,34718.0,22.98,Harvesting,Synthetic scenario selected from prototype data; target context=Low Humidity Stress
2025-04-25 11:00:00,27.42,56.35,37291.0,23.23,Harvesting,Synthetic scenario selected from prototype data; target context=Low Humidity Stress
2025-04-25 11:30:00,27.6,42.8,40934.0,23.45,Harvesting,Synthetic scenario selected from prototype data; target context=Low Humidity Stress
